[{"code":"/**/","color":"#FFFFD600","name":"ProInject by StoneX Gaming","typeName":"","palette":"138","type":"h","spec":"ProInject by StoneX Gaming"},{"code":"}\n\nprivate class DownloadTask extends AsyncTask\u003cString, Integer, String\u003e {\r\n @Override\nprotected void onPreExecute() {\r\n%1$s}\r\nprotected String doInBackground(String... address) {\ntry {\nfilename\u003d URLUtil.guessFileName(address[0], null, null);\nint resCode \u003d -1;\njava.io.InputStream in \u003d null;\njava.net.URL url \u003d new java.net.URL(address[0]);\njava.net.URLConnection urlConn \u003d url.openConnection();\nif (!(urlConn instanceof java.net.HttpURLConnection)) {\nthrow new java.io.IOException(\"URL is not an Http URL\"); }\njava.net.HttpURLConnection httpConn \u003d (java.net.HttpURLConnection) urlConn; httpConn.setAllowUserInteraction(false); httpConn.setInstanceFollowRedirects(true); httpConn.setRequestMethod(\"GET\"); httpConn.connect();\nresCode \u003d httpConn.getResponseCode();\nif (resCode \u003d\u003d java.net.HttpURLConnection.HTTP_OK) {\nin \u003d httpConn.getInputStream();\nsize \u003d httpConn.getContentLength();\n\n} else { result \u003d \"There was an error\"; }","color":"#FF2962FF","name":"IOS ProgressBar","typeName":"","palette":"138","type":"c","spec":"IOS ProInject PreExecute "},{"code":"%1$s \u003d IOSProgressHUD.create(%2$s.this)\n.setStyle(IOSProgressHUD.Style.SPIN_INDETERMINATE)\n.setLabel(%3$s)\n.setDetailsLabel(%4$s)\n.setCancellable(true)\n.setAnimationSpeed(%5$s)\n.setDimAmount(0.5f)\n.show();","color":"#FFFFD600","name":"IOS Progress","typeName":"","palette":"138","type":" ","spec":"%m.IOSProgressHUD SPIN INDETERMINAT at %m.activity title %s message %s speed %d"},{"code":"%1$s \u003d IOSProgressHUD.create(%2$s.this)\n.setStyle(IOSProgressHUD.Style.ANNULAR_DETERMINATE)\n.setLabel(%3$s)\n.setCancellable(true)\n.setMaxProgress(100)\n.show();","color":"#FFFFD600","name":"ANNULAR DETERMINATE IOS Progress","typeName":"","palette":"138","type":" ","spec":"%m.IOSProgressHUD ANNULAR  DETERMINATE at %m.activity title %s "},{"code":"/**/\n%s","color":"#FF2962FF","name":"Path","typeName":"","palette":"138","type":"c","spec":"Put your path below"},{"code":"java.io.File file \u003d new java.io.File(path);\n\njava.io.OutputStream output \u003d new java.io.FileOutputStream(file);\ntry {\nint bytesRead;\nsumCount \u003d 0;\nbyte[] buffer \u003d new byte[1024];\nwhile ((bytesRead \u003d in.read(buffer)) !\u003d -1) {\noutput.write(buffer, 0, bytesRead);\nsumCount +\u003d bytesRead;\nif (size \u003e 0) {\npublishProgress((int)Math.round(sumCount*100 / size));\n}\n}\n} finally {\noutput.close();\n}\nresult \u003d\"\";\nin.close();\n} catch (java.net.MalformedURLException e) {\nresult \u003d e.getMessage();\n} catch (java.io.IOException e) {\nresult \u003d e.getMessage();\n} catch (Exception e) {\nresult \u003d e.toString();\n}\nreturn result;\n\n}\n@Override\nprotected void onProgressUpdate(Integer... values) {\nsuper.onProgressUpdate(values);\n%1$s\n}","color":"#FF2962FF","name":"Progress","typeName":"","palette":"138","type":"c","spec":"Progressbar updater"},{"code":"%1$s.setProgress(%2$s);\n%1$s.setDetailsLabel(String.valueOf((long)(%2$s)).concat(%3$s));","color":"#FFFFD600","name":"Set ANNULAR DETERMINATE IOS Progress Value","typeName":"","palette":"138","type":" ","spec":" %m.IOSProgressHUD ANNULAR value%d label%s  "},{"code":"values[values.length - 1]","color":"#FF2979FF","name":"values ","typeName":"","palette":"138","type":"d","spec":"progressValues"},{"code":"@Override\nprotected void onPostExecute(String s){\n\n%1$s\n}","color":"#FF2962FF","name":"unzip","typeName":"","palette":"138","type":"c","spec":"Unzip your file below"},{"code":"new DownloadTask().execute(%1$s);","color":"#FF2979FF","name":"set url","typeName":"","palette":"138","type":" ","spec":"Download url %s "},{"code":"%1$s.dismiss();","color":"#FFFFD600","name":"dismissIOS Progress","typeName":"","palette":"138","type":" ","spec":"%m.IOSProgressHUD dismiss"}]